{"cameraMode":{"drawMode":0,"name":"Shaded","section":"Shading Mode"},"sceneLighting":false,"audioPlay":false,"sceneViewState":{"showFog":true,"showMaterialUpdate":false,"showSkybox":false,"showFlares":true,"showImageEffects":true,"showParticleSystems":true},"in2DMode":false,"pivot":{"x":0.5899658203125,"y":-1.87091064453125,"z":0.0000035762786865234377},"rotation":{"x":0.20616568624973298,"y":0.14470413327217103,"z":-0.03084268420934677,"w":0.9672667980194092},"size":41.881378173828128,"orthographic":false}