{"cameraMode":{"drawMode":0,"name":"Shaded","section":"Shading Mode"},"sceneLighting":false,"audioPlay":false,"sceneViewState":{"showFog":true,"showMaterialUpdate":false,"showSkybox":false,"showFlares":true,"showImageEffects":true,"showParticleSystems":true},"in2DMode":false,"pivot":{"x":-0.10254859924316406,"y":-0.28707027435302737,"z":0.00000286102294921875},"rotation":{"x":0.13841815292835236,"y":0.2611081302165985,"z":-0.03786184638738632,"w":0.9545835852622986},"size":43.05574417114258,"orthographic":false}