{"cameraMode":{"drawMode":0,"name":"Shaded","section":"Shading Mode"},"sceneLighting":true,"audioPlay":false,"sceneViewState":{"showFog":true,"showMaterialUpdate":false,"showSkybox":true,"showFlares":true,"showImageEffects":true,"showParticleSystems":true},"in2DMode":false,"pivot":{"x":-162.3881378173828,"y":4.891003608703613,"z":110.6358642578125},"rotation":{"x":0.2786255180835724,"y":0.39595675468444826,"z":-0.12744638323783875,"w":0.86564701795578},"size":64.85629272460938,"orthographic":false}