{"cameraMode":{"drawMode":0,"name":"Shaded","section":"Shading Mode"},"sceneLighting":false,"audioPlay":false,"sceneViewState":{"showFog":true,"showMaterialUpdate":false,"showSkybox":false,"showFlares":true,"showImageEffects":true,"showParticleSystems":true},"in2DMode":false,"pivot":{"x":-67.12374114990235,"y":-44.432884216308597,"z":10.02789306640625},"rotation":{"x":0.04137972742319107,"y":-0.017983203753829004,"z":0.0007451061392202973,"w":0.9989821910858154},"size":178.759033203125,"orthographic":false}