{"cameraMode":{"drawMode":0,"name":"Shaded","section":"Shading Mode"},"sceneLighting":false,"audioPlay":false,"sceneViewState":{"showFog":true,"showMaterialUpdate":false,"showSkybox":false,"showFlares":true,"showImageEffects":true,"showParticleSystems":true},"in2DMode":false,"pivot":{"x":93.60954284667969,"y":2.5731804370880129,"z":77.64227294921875},"rotation":{"x":-0.021828481927514077,"y":-0.07880724221467972,"z":0.0017255177954211832,"w":-0.9966519474983215},"size":3.0272374153137209,"orthographic":false}