{"cameraMode":{"drawMode":0,"name":"Shaded","section":"Shading Mode"},"sceneLighting":false,"audioPlay":false,"sceneViewState":{"showFog":true,"showMaterialUpdate":false,"showSkybox":false,"showFlares":true,"showImageEffects":true,"showParticleSystems":true},"in2DMode":false,"pivot":{"x":93.26000213623047,"y":9.020000457763672,"z":77.27999877929688},"rotation":{"x":0.15212097764015199,"y":-0.5356385707855225,"z":0.09879782050848007,"w":0.8247359991073608},"size":1.3856443166732789,"orthographic":false}