{"cameraMode":{"drawMode":0,"name":"Shaded","section":"Shading Mode"},"sceneLighting":true,"audioPlay":false,"sceneViewState":{"showFog":true,"showMaterialUpdate":false,"showSkybox":true,"showFlares":true,"showImageEffects":true,"showParticleSystems":true},"in2DMode":false,"pivot":{"x":-4.962912082672119,"y":27.265892028808595,"z":4.2758331298828129},"rotation":{"x":0.0470755472779274,"y":0.6921360492706299,"z":-0.045329052954912189,"w":0.7188032269477844},"size":39.69770812988281,"orthographic":false}