{"cameraMode":{"drawMode":0,"name":"Shaded","section":"Shading Mode"},"sceneLighting":false,"audioPlay":false,"sceneViewState":{"showFog":true,"showMaterialUpdate":false,"showSkybox":false,"showFlares":true,"showImageEffects":true,"showParticleSystems":true},"in2DMode":false,"pivot":{"x":96.11100006103516,"y":3.3424086570739748,"z":91.49996948242188},"rotation":{"x":0.009862690232694149,"y":0.8168259859085083,"z":0.013970434665679932,"w":-0.5766329765319824},"size":0.4330126941204071,"orthographic":false}