{"cameraMode":{"drawMode":0,"name":"Shaded","section":"Shading Mode"},"sceneLighting":false,"audioPlay":false,"sceneViewState":{"showFog":true,"showMaterialUpdate":false,"showSkybox":false,"showFlares":true,"showImageEffects":true,"showParticleSystems":true},"in2DMode":false,"pivot":{"x":0.1816730499267578,"y":-0.34123802185058596,"z":0.0000019073486328125},"rotation":{"x":0.13841815292835236,"y":0.2611081302165985,"z":-0.03786184638738632,"w":0.9545835852622986},"size":45.219886779785159,"orthographic":false}