{"cameraMode":{"drawMode":0,"name":"Shaded","section":"Shading Mode"},"sceneLighting":false,"audioPlay":false,"sceneViewState":{"showFog":true,"showMaterialUpdate":false,"showSkybox":false,"showFlares":true,"showImageEffects":true,"showParticleSystems":true},"in2DMode":false,"pivot":{"x":0.5142340660095215,"y":0.5978055000305176,"z":-0.2651470899581909},"rotation":{"x":-0.01709578186273575,"y":0.02399429865181446,"z":0.0004104824911337346,"w":0.9995661973953247},"size":1.1855753660202027,"orthographic":false}