{"cameraMode":{"drawMode":0,"name":"Shaded","section":"Shading Mode"},"sceneLighting":false,"audioPlay":false,"sceneViewState":{"showFog":true,"showMaterialUpdate":false,"showSkybox":false,"showFlares":true,"showImageEffects":true,"showParticleSystems":true},"in2DMode":false,"pivot":{"x":0.5649999976158142,"y":0.6150000095367432,"z":10.90000057220459},"rotation":{"x":-0.24521197378635407,"y":0.751863420009613,"z":-0.4692883789539337,"w":-0.39286279678344729},"size":6.633758544921875,"orthographic":false}