{"cameraMode":{"drawMode":0,"name":"Shaded","section":"Shading Mode"},"sceneLighting":true,"audioPlay":false,"sceneViewState":{"showFog":true,"showMaterialUpdate":false,"showSkybox":true,"showFlares":true,"showImageEffects":true,"showParticleSystems":true},"in2DMode":false,"pivot":{"x":97.85452270507813,"y":1.6598224639892579,"z":92.04586791992188},"rotation":{"x":0.2327970713376999,"y":0.6259902119636536,"z":-0.20356185734272004,"w":0.7158938050270081},"size":22.068782806396486,"orthographic":false}