{"cameraMode":{"drawMode":0,"name":"Shaded","section":"Shading Mode"},"sceneLighting":false,"audioPlay":false,"sceneViewState":{"showFog":true,"showMaterialUpdate":false,"showSkybox":false,"showFlares":true,"showImageEffects":true,"showParticleSystems":true},"in2DMode":false,"pivot":{"x":-0.7699999809265137,"y":-1.4700000286102296,"z":2.9800000190734865},"rotation":{"x":0.4160979688167572,"y":-0.3687174916267395,"z":0.18957363069057465,"w":0.8093032240867615},"size":3.5660250186920168,"orthographic":false}