{"cameraMode":{"drawMode":0,"name":"Shaded","section":"Shading Mode"},"sceneLighting":true,"audioPlay":false,"sceneViewState":{"showFog":true,"showMaterialUpdate":false,"showSkybox":true,"showFlares":true,"showImageEffects":true,"showParticleSystems":true},"in2DMode":false,"pivot":{"x":59.08403396606445,"y":14.571500778198243,"z":63.777774810791019},"rotation":{"x":0.3576417565345764,"y":0.5622876882553101,"z":-0.29337504506111147,"w":0.6854612231254578},"size":6.921988010406494,"orthographic":false}