{"cameraMode":{"drawMode":0,"name":"Shaded","section":"Shading Mode"},"sceneLighting":true,"audioPlay":false,"sceneViewState":{"showFog":true,"showMaterialUpdate":false,"showSkybox":true,"showFlares":true,"showImageEffects":true,"showParticleSystems":true},"in2DMode":false,"pivot":{"x":0.8073828220367432,"y":2.0804738998413088,"z":20.07628631591797},"rotation":{"x":0.3865527808666229,"y":-0.005533395800739527,"z":0.0023195475805550815,"w":0.9222487211227417},"size":0.9257792830467224,"orthographic":false}