{"cameraMode":{"drawMode":0,"name":"Shaded","section":"Shading Mode"},"sceneLighting":false,"audioPlay":false,"sceneViewState":{"showFog":true,"showMaterialUpdate":false,"showSkybox":false,"showFlares":true,"showImageEffects":true,"showParticleSystems":true},"in2DMode":false,"pivot":{"x":97.04547119140625,"y":2.2154932022094728,"z":91.62999725341797},"rotation":{"x":0.40224719047546389,"y":0.5789170861244202,"z":-0.3955472409725189,"w":0.5887234210968018},"size":1.9566476345062256,"orthographic":false}