{"cameraMode":{"drawMode":0,"name":"Shaded","section":"Shading Mode"},"sceneLighting":false,"audioPlay":false,"sceneViewState":{"showFog":true,"showMaterialUpdate":false,"showSkybox":false,"showFlares":true,"showImageEffects":true,"showParticleSystems":true},"in2DMode":false,"pivot":{"x":-7.829999923706055,"y":1.4756629467010499,"z":30.479999542236329},"rotation":{"x":0.17940753698349,"y":-0.6824385523796082,"z":0.1785491555929184,"w":0.68571937084198},"size":1.754673719406128,"orthographic":false}