{"cameraMode":{"drawMode":0,"name":"Shaded","section":"Shading Mode"},"sceneLighting":false,"audioPlay":false,"sceneViewState":{"showFog":true,"showMaterialUpdate":false,"showSkybox":false,"showFlares":true,"showImageEffects":true,"showParticleSystems":true},"in2DMode":false,"pivot":{"x":-7.819379806518555,"y":1.6593420505523682,"z":30.422433853149415},"rotation":{"x":-0.047759976238012317,"y":0.7359384894371033,"z":-0.05219833925366402,"w":-0.6733459234237671},"size":2.0590169429779054,"orthographic":false}