{"cameraMode":{"drawMode":0,"name":"Shaded","section":"Shading Mode"},"sceneLighting":false,"audioPlay":false,"sceneViewState":{"showFog":true,"showMaterialUpdate":false,"showSkybox":false,"showFlares":true,"showImageEffects":true,"showParticleSystems":true},"in2DMode":false,"pivot":{"x":-7.819379806518555,"y":1.6593420505523682,"z":30.422433853149415},"rotation":{"x":0.013142448849976063,"y":0.7284730076789856,"z":0.013982034288346768,"w":-0.6848095655441284},"size":2.0590169429779054,"orthographic":false}