{"cameraMode":{"drawMode":0,"name":"Shaded","section":"Shading Mode"},"sceneLighting":true,"audioPlay":false,"sceneViewState":{"showFog":true,"showMaterialUpdate":false,"showSkybox":true,"showFlares":true,"showImageEffects":true,"showParticleSystems":true},"in2DMode":false,"pivot":{"x":3.954759359359741,"y":-2.9258713722229006,"z":38.223731994628909},"rotation":{"x":0.24136735498905183,"y":0.030562683939933778,"z":-0.007605590391904116,"w":0.9699226021766663},"size":15.728880882263184,"orthographic":false}