{"cameraMode":{"drawMode":0,"name":"Shaded","section":"Shading Mode"},"sceneLighting":false,"audioPlay":false,"sceneViewState":{"showFog":true,"showMaterialUpdate":false,"showSkybox":false,"showFlares":true,"showImageEffects":true,"showParticleSystems":true},"in2DMode":false,"pivot":{"x":0.0,"y":2.244251012802124,"z":0.03234589099884033},"rotation":{"x":0.20233844220638276,"y":0.7968048453330994,"z":-0.3813670575618744,"w":0.42275333404541018},"size":5.789956092834473,"orthographic":false}