{"cameraMode":{"drawMode":0,"name":"Shaded","section":"Shading Mode"},"sceneLighting":false,"audioPlay":false,"sceneViewState":{"showFog":true,"showMaterialUpdate":false,"showSkybox":false,"showFlares":true,"showImageEffects":true,"showParticleSystems":true},"in2DMode":false,"pivot":{"x":0.4112067222595215,"y":-0.23661166429519654,"z":-1.895709753036499},"rotation":{"x":0.5554428100585938,"y":0.002494660671800375,"z":-0.0016663221176713706,"w":0.831550121307373},"size":6.783720970153809,"orthographic":false}