{"cameraMode":{"drawMode":0,"name":"Shaded","section":"Shading Mode"},"sceneLighting":false,"audioPlay":false,"sceneViewState":{"showFog":true,"showMaterialUpdate":false,"showSkybox":false,"showFlares":true,"showImageEffects":true,"showParticleSystems":true},"in2DMode":false,"pivot":{"x":-0.12000000476837158,"y":1.3409881591796876,"z":4.389999866485596},"rotation":{"x":0.07393567264080048,"y":-0.29177698493003847,"z":0.022628189995884897,"w":0.9533566832542419},"size":2.4144093990325929,"orthographic":false}