{"cameraMode":{"drawMode":0,"name":"Shaded","section":"Shading Mode"},"sceneLighting":false,"audioPlay":false,"sceneViewState":{"showFog":true,"showMaterialUpdate":false,"showSkybox":false,"showFlares":true,"showImageEffects":true,"showParticleSystems":true},"in2DMode":false,"pivot":{"x":0.02529430389404297,"y":0.27025508880615237,"z":-9.5367431640625e-7},"rotation":{"x":0.13841815292835236,"y":0.2611081302165985,"z":-0.03786184638738632,"w":0.9545835852622986},"size":35.79816436767578,"orthographic":false}